title,description,url,publishedAt,content
[Removed],[Removed],https://removed.com,2024-10-01T16:46:43Z,[Removed]
[Removed],[Removed],https://removed.com,2024-10-17T16:30:48Z,[Removed]
"The next iPhone SE may lose the home button, add Face ID and Apple Intelligence","Apple is rumored to be readying the next iPhone SE, complete with Face ID and Apple Intelligence, for manufacturing ahead of a release early next year.",https://www.theverge.com/2024/10/1/24259713/iphone-se-face-id-apple-intelligence-no-home-button,2024-10-01T21:01:28Z,"The next iPhone SE may lose the home button, add Face ID and Apple Intelligence
The next iPhone SE may lose the home button, add Face ID and Apple Intelligence
 / Apple will announce its next budge… [+1334 chars]"
[Removed],[Removed],https://removed.com,2024-10-16T22:39:13Z,[Removed]
Apple Music helps artists turn concert set lists into playlists,"There's a certain level of fandom you hit when you research a band's tour set list before they come to your city. And some of us like to relive great concerts with some quick research on setlist.fm. The next logical step, once we're armed with this informatio…",https://consent.yahoo.com/v2/collectConsent?sessionId=1_cc-session_7ea2282d-108d-445c-b4b9-8c1fd169551d,2024-10-17T13:39:16Z,"If you click 'Accept all', we and our partners, including 238 who are part of the IAB Transparency &amp; Consent Framework, will also store and/or access information on a device (in other words, use … [+678 chars]"
[Removed],[Removed],https://removed.com,2024-10-10T23:01:41Z,[Removed]
[Removed],[Removed],https://removed.com,2024-10-08T07:27:21Z,[Removed]
Apple Engineers Show How Flimsy AI ‘Reasoning’ Can Be,The new frontier in large language models is the ability to “reason” their way through problems. New research from Apple says it's not quite what it's cracked up to be.,https://www.wired.com/story/apple-ai-llm-reasoning-research/,2024-10-15T11:00:00Z,"For a while now, companies like OpenAI and Google have been touting advanced ""reasoning"" capabilities as the next big step in their latest artificial intelligence models. Now, though, a new study fro… [+4477 chars]"
Prime Day Deal: AirPods Pro 2 Hit All-Time Low as Amazon Cuts All its Profit Margin,Apple will never offer such a discount in its Apple Stores.,https://gizmodo.com/prime-day-deal-airpods-pro-2-hit-all-time-low-as-amazon-cuts-all-its-profit-margin-2000508062,2024-10-07T11:20:39Z,"Apple’s AirPods Pro 2 have become the talk of the town during this year’s Prime Day event with Amazon offering an breathtaking discount on these premium wireless earbuds. Initially priced at $249, Am… [+2649 chars]"
"The Apple Pencil Pro is 30 percent off, taking it down to an all-time low price","Apple doesn't offer many discounts for its product lineup, so seeing one of its tablet accessories on sale for a third off the usual cost is exciting. The Apple Pencil Pro is available on Amazon for just $90, the lowest price we've seen for it. This is the mo…",https://consent.yahoo.com/v2/collectConsent?sessionId=1_cc-session_2711bbdf-0325-4496-a71b-8ef9816078e3,2024-10-15T21:03:11Z,"If you click 'Accept all', we and our partners, including 238 who are part of the IAB Transparency &amp; Consent Framework, will also store and/or access information on a device (in other words, use … [+678 chars]"
Apple's 9th-gen iPad returns to an all-time low of $199 for October Prime Day,"Prime Day is here and we've been busy rounding up the best deals we can find. There's an iPad offer in particular that matches one we've seen before, but it's definitely worth highlighting. The 9th-gen iPad has dropped back down to $199, which matches a recor…",https://consent.yahoo.com/v2/collectConsent?sessionId=1_cc-session_bcc66f34-03a5-480d-96c1-25b265eef0af,2024-10-09T19:29:33Z,"If you click 'Accept all', we and our partners, including 240 who are part of the IAB Transparency &amp; Consent Framework, will also store and/or access information on a device (in other words, use … [+678 chars]"
Don’t buy at the Apple Store; Amazon is slashing prices on MacBook Pros for Prime Day,Apple hates discounts!,https://gizmodo.com/dont-buy-at-the-apple-store-amazon-is-slashing-prices-on-macbook-pros-for-prime-day-2000509179,2024-10-08T16:01:59Z,Amazon has kicked off Prime Day with a bang and unveiled incredible deals on the latest MacBook Pro models this Tuesday morning. Apple fans will be thrilled to discover that the 2023 MacBook Pro line… [+2403 chars]
Amazon Slashes AirPods Max Price to Record Low for Prime Day Clearance Sale,And Apple hates discounts!,https://gizmodo.com/amazon-slashes-airpods-max-price-to-record-low-for-prime-day-clearance-sale-2000507985,2024-10-06T16:43:32Z,Amazon has slashed prices on Apple’s premium AirPods Max and offers an unprecedented deal that’s turning heads in the tech world. These high-end over-ear headphones originally priced at $549 saw an i… [+2510 chars]
"Amazon Targets the Best Laptop in the World, Slashes Prices Even for Non-Prime Members",Apple hates discounts.,https://gizmodo.com/amazon-targets-the-best-laptop-in-the-world-slashes-prices-even-for-non-prime-members-2000507399,2024-10-04T12:25:53Z,The MacBook Pro M3 has emerged as one of the most powerful devices available for the general public and captivates even die-hard Windows enthusiasts with its exceptional performance and sleek design.… [+2237 chars]
"Amazon Strikes for Prime Day with a Mind-Blowing iPad 9 Offer, 4x Cheaper Than the iPad Pro",Apple never discounts its products.,https://gizmodo.com/amazon-strikes-for-prime-day-with-a-mind-blowing-ipad-9-offer-4x-cheaper-than-the-ipad-pro-2000506165,2024-10-02T13:45:53Z,"As the crisp autumn air settles in, Amazon is heating up the digital marketplace with its Prime Day extravaganza and offers thousands of deals that are sure to make even the most frugal shoppers’ hea… [+2162 chars]"
Pebblebee’s new item trackers works with both Apple and Google 'Find My' networks,"Apple’s Find My network and Google’s Find My Device are both smart tracking solutions to help us prevent losing our items, but devices made for one aren’t typically compatible with the other. However, Pebblebee is changing this by introducing its Pebblebee Un…",https://consent.yahoo.com/v2/collectConsent?sessionId=1_cc-session_3e1afc53-6f7b-45a5-a69c-9ee5acd00fdf,2024-10-01T16:00:43Z,"If you click 'Accept all', we and our partners, including 240 who are part of the IAB Transparency &amp; Consent Framework, will also store and/or access information on a device (in other words, use … [+678 chars]"
Prime Day Apple deals include the M2 MacBook Air for a record low of $749,"With October Prime Day approaching fast, we're seeing new deals drop in the final hours of the lead up. One of the latest deals is on the M2-powered MacBook Air laptop, which you can snag right now for $749. That's $250 off and a new record low on the machine…",https://consent.yahoo.com/v2/collectConsent?sessionId=1_cc-session_cea3694a-9514-4e54-8aba-447747ac166a,2024-10-07T12:18:48Z,"If you click 'Accept all', we and our partners, including 240 who are part of the IAB Transparency &amp; Consent Framework, will also store and/or access information on a device (in other words, use … [+678 chars]"
The OnePlus Pad is cheaper than ever and comes with a free magnetic keyboard,OnePlus is selling the OnePlus Pad for $359.99 with a free magnetic keyboard. Amazon’s Smart Thermostat and the USB-C Apple Pencil are also on sale.,https://www.theverge.com/2024/10/16/24270849/oneplus-pad-amazon-smart-thermostat-deal-sale,2024-10-16T15:38:21Z,"The OnePlus Pad is cheaper than ever and comes with a free magnetic keyboard
The OnePlus Pad is cheaper than ever and comes with a free magnetic keyboard
 / We also found deals on the Amazon Smart … [+3298 chars]"
"Forget Bose and Sonos, Amazon Slashes AirPods Max Prices by 20% Ahead of Prime Day","And to think, Apple typically shuns discounts!",https://gizmodo.com/forget-bose-and-sonos-amazon-slashes-airpods-max-prices-by-20-ahead-of-prime-day-2000506851,2024-10-03T15:20:28Z,"Apple’s AirPods Max, the premium over-ear headphones are now available at a discounted price on Amazon. In a rare move that’s sure to excite Apple fans, these high-end headphones are currently discou… [+2257 chars]"
"Price error or not, these AirTags are a steal this Prime Day on Amazon","Amazon spares no Apple product, not even the AirTags.",https://gizmodo.com/price-error-or-not-these-airtags-are-a-steal-this-prime-day-on-amazon-2000508426,2024-10-07T17:28:19Z,"As Prime Day kicks off, Apple AirTags have emerged as one of the hottest items with Amazon offering massive discounts on these tracking devices. The best part? These deals are available to everyone, … [+2332 chars]"
2024 MacBook Air Heavily Discounted on Prime Day: How Could Apple Allow Amazon to Do This?,Apple must be pulling its hair out over this promotion.,https://gizmodo.com/2024-macbook-air-heavily-discounted-on-prime-day-how-could-apple-allow-amazon-to-do-this-2000509590,2024-10-09T11:35:49Z,"As Amazon’s Prime Day event reaches its final hours today, an unprecedented deal on Apple’s latest MacBook Air (2024!) has taken center stage. This offer stands out not only for its substantial 20% d… [+2708 chars]"
"Amazon Crushes iPad Prices by 40%, Hitting Apple Hard on Day Two of Prime Day",A 40% reduction on an Apple product is historic.,https://gizmodo.com/amazon-crushes-ipad-prices-by-40-hitting-apple-hard-on-day-two-of-prime-day-2000509556,2024-10-09T12:48:51Z,"Amazon’s Prime Day event has reached its final hours and the e-commerce giant is pulling out all the stops with an unprecedented offer on the 9th generation iPad.
The 9th generation iPad is original… [+2077 chars]"
"One Day After Prime Day, Amazon Crushes iPad Prices by 40%",A 40% reduction on an Apple product is historic.,https://gizmodo.com/amazon-crushes-ipad-prices-by-40-hitting-apple-hard-prime-day-2000509556,2024-10-10T12:24:51Z,The 9th generation iPad is originally priced at $329 is now available for an astounding $199. This is a massive 40% discount which brings the price of this versatile tablet to its lowest point ever. … [+1493 chars]
"iPad 9: Amazon Slashes Price Again, Now 5x Cheaper Than iPad Pro for Prime Day",Amazon is slashing prices across all Apple products for Prime Day.,https://gizmodo.com/ipad-9-amazon-slashes-price-again-now-5x-cheaper-than-ipad-pro-for-prime-day-2000507980,2024-10-06T16:31:25Z,"As the autumn chill sets in, Amazon is turning up the heat on its digital marketplace with an incredible Prime Day deal that’s catching everyone’s attention. The star of the show? The 9th generation … [+2283 chars]"
"Four Days After Prime Day, Amazon Slashes The Price Of AirPods Max To A Record Low","At less than $400, this Apple headset is an excellent bargain.",https://gizmodo.com/four-days-after-prime-day-amazon-slashes-the-price-of-airpods-max-to-a-record-low-2000511566,2024-10-13T11:15:55Z,"As the autumn leaves begin to fall and the crisp October air settles in, Amazon has decided to extend its Prime Day festivities and offers a great opportunity for audiophiles. This Sunday, a particul… [+2289 chars]"
"iPad 9: Amazon Slashes Price Again, Now 5 Times Cheaper Than iPad Pro for Prime Day",Amazon is slashing prices across all Apple products for Prime Day.,https://gizmodo.com/ipad-9-amazon-slashes-price-again-now-5x-cheaper-than-ipad-pro-prime-day-2000507980,2024-10-07T17:29:25Z,"Amazon is turning up the heat on its digital marketplace with an incredible Prime Day deal that’s catching everyone’s attention. The star of the show? The 9th generation iPad, a versatile and powerfu… [+2262 chars]"
"The MacBook Air is Selling At Half The Price Of A MacBook Pro, This is One The Best Prime Day Deals Ever",Now is the perfect time to buy a MacBook Air with the Apple chip.,https://gizmodo.com/the-macbook-air-is-selling-at-half-the-price-of-a-macbook-pro-this-is-one-the-best-prime-day-deals-ever-2000507852,2024-10-05T22:45:40Z,Amazon’s Prime Day is -once again- offering tech enthusiasts a fantastic opportunity to snag one of Apple’s most popular laptops at an unbeatable price. The MacBook Air M2 with 256GB of storage is no… [+2330 chars]
"If You’ve Already Bought AirPods Pro 2, This Insane Prime Day Price Will Make You Jealous",It seems that Apple is looking to clear out its stock of AirPods Pro 2.,https://gizmodo.com/if-youve-already-bought-airpods-pro-2-this-insane-prime-day-price-will-make-you-jealous-2000507867,2024-10-06T00:45:25Z,"One of the stars of the Prime Day show is undoubtedly the AirPods Pro 2 which is now available for just $199, a substantial 20% discount from their regular $249 price tag. This offer presents a rare … [+2449 chars]"
"Hard to See This Discount on Apple’s Monitor, But Here It Is for Over $250 Off for Prime Day",Save 16% on the Apple Studio Display with standard glass and a tilt-adjustable stand.,https://gizmodo.com/hard-to-see-this-discount-on-apples-monitor-but-here-it-is-for-over-250-off-for-prime-day-2000509399,2024-10-08T20:08:17Z,"Come one, come all it’s time to celebrate the finest of holidays and that is Prime Day. The one time of year (except its actually multiple times a year) that we all come together to spend money on pr… [+2221 chars]"
"MacBook, AirTags, AirPods, iPad: Amazon Slashes Prices on Apple Devices Up to 40% for Prime Day","Apple never offers discounts, but Amazon isn't holding back this Prime Day.",https://gizmodo.com/macbook-airtags-airpods-ipad-amazon-slashes-prices-on-apple-devices-up-to-40-for-prime-day-2000507388,2024-10-04T11:55:15Z,Amazon has unleashed a flurry of incredible deals on Apple products and discounts that are rarely seen on these coveted devices. While Apple is famous for maintaining strict pricing on its official w… [+3093 chars]
Bring the Apple iPad Mini into Your Hands at a Lowest Price for Prime Day,Save over $100 on a 6th generation 8.3-inch Apple iPad Mini and stay connected anywhere.,https://gizmodo.com/bring-the-apple-ipad-mini-into-your-hands-at-a-lowest-price-for-prime-day-2000508263,2024-10-07T15:12:39Z,"Prime Day is so close. Tomorrow and Wednesday, the figurative doors of Amazon will open with a ton of products across every category on sale for massive discounts. But did you realize there’s already… [+2057 chars]"
"It Isn’t Free, But The MacBook Air is Available at Ridiculous Prices For Prime Day",Apple certainly did not approve this massive promotion on the MacBook Air M2.,https://gizmodo.com/it-isnt-free-but-the-macbook-air-is-available-at-ridiculous-prices-for-prime-day-2000508735,2024-10-08T22:25:11Z,Amazon has launched an unprecedented deal on the MacBook Air M2 for Prime Day which kicks off today and will last for 48 hours. The e-commerce giant has slashed the price of this laptop to an all-tim… [+2489 chars]
Apple Intelligence Is Set to Make Your Attention Span Even Shorter,These are all the Apple Intelligence features coming to iPhone on October 28.,https://gizmodo.com/apple-intelligence-is-set-to-make-your-attention-span-even-shorter-2000510763,2024-10-15T19:34:33Z,"One of the biggest blows to our attention spans happened when content started being squeezed into 10-second TikToks, Reels, and Snaps. That gradually made watching long-form content fairly difficult.… [+3074 chars]"
Ticketmaster will start using Apple Wallet’s more useful tickets this month,Ticketmaster announced that it will be the first ticketing company to use Apple’s upgraded Apple Wallet tickets for iOS 18. The first event to use the tickets will be an October 19th Los Angeles Football Club game.,https://www.theverge.com/2024/10/10/24267269/ticketmaster-apple-wallet-new-tickets,2024-10-10T21:56:13Z,"Image: Ticketmaster

 

 Ticketmaster announced today that it will be the first ticketing company to use Apple’s upgraded Apple Wallet tickets for iOS 18. With the improved tickets, you’ll be able t… [+751 chars]"
Apple Finally Releases iPadOS 18 Update After Bricked Tablets SNAFU,"M4 iPad Pro owners reported Apple’s latest update killed their tablets, requiring them to get a a replacement. Apple Watch and HomePod Mini owners have also reported bricking issues with the latest OS betas.",https://gizmodo.com/apple-finally-releases-ipados-18-update-for-ipad-pro-after-its-bricked-tablets-snafu-2000507414,2024-10-04T14:15:45Z,"Apples latest batch of OS update wasnt what you would call a smooth launch. The long-awaited iPadOS 18 patch caused an unknown issue with some of the latest M4 iPad Pro models, shutting them down and… [+2463 chars]"
"Amazon is clearing out stock with record-low prices on Apple AirTags, matching last year’s Black Friday deal",Dive into these exclusive deals on Apple AirTags and transform the way you keep track of what matters most.,https://gizmodo.com/amazon-is-clearing-out-stock-with-record-low-prices-on-apple-airtags-matching-last-years-black-friday-deal-2000505717,2024-10-01T16:21:11Z,"Apple’s AirTags are currently on sale at Amazon with a terrific deal for those looking to keep track of their valuable items. The individual AirTag is now priced at $24 down from its regular $29, whi… [+2423 chars]"
"Billy Crystal (Yes, Really) Gets Spooked in Before,/i>’s First Trailer","Apple TV+'s new supernatural thriller series co-stars Judith Light and Rosie Perez, and arrives October 25.",https://gizmodo.com/before-trailer-apple-tv-billy-crystal-judith-light-billy-crystal-2000505399,2024-10-01T15:01:10Z,"Billy Crystal is obviously best-known as a comedic actor, appearing in films that are now considered classics (When Harry Met Sally, City Slickers, The Princess Bride) and giving voice to Mike Wazows… [+1878 chars]"
Prime Day May Be Over But These Apple AirTags Are Still 19% off,Get an individual Apple AirTag for $25 or four for just $80 even though Prime Day has come and gone.,https://gizmodo.com/prime-day-may-be-over-but-these-apple-airtags-are-still-19-off-2000510521,2024-10-10T16:53:02Z,"Prime Day has come in gone. If you’ve been asleep, away from your computer for the past two days, then you may have woken up thinking you’ve missed your big chance to save some cash on gadgets and gi… [+2165 chars]"
"Silo Season 2 Debuts in November, and Here’s Your First Look",Rebecca Ferguson and Common star in the Apple TV+ sci-fi show based on the Hugh Howey book trilogy.,https://gizmodo.com/silo-season-2-trailer-release-date-apple-sdcc-2024-2000478709,2024-10-14T14:00:36Z,Silo season one ended with a cliffhanger to end all cliffhangers. It desperately made you want to see what was next for Juliette (Rebecca Ferguson) as she discovered everything she thought she knew w… [+1493 chars]
"Whether a Mistake or Not, Amazon Keeps The Prime Day AirTags Deal Alive",This amazing offer on Apple AirTags is available for both the single unit and the four-pack.,https://gizmodo.com/whether-a-mistake-or-not-amazon-keeps-the-prime-day-airtags-deal-alive-2000511758,2024-10-14T16:20:37Z,"As Prime Day enters its final hours this Monday, Amazon continues to offer an exceptional deal on AirTags that shoppers won’t want to overlook. These popular tracking devices are currently available … [+1699 chars]"
"Apple’s Vision Pro leader, Dan Riccio, is retiring","Dan Riccio, who heads the Vision Pro and oversaw much of Apple’s popular new hardware from 2012 to 2021, is reportedly retiring this month after 26 years.",https://www.theverge.com/2024/10/9/24266321/apple-dan-riccio-retiring,2024-10-09T19:20:47Z,"Apples Vision Pro leader, Dan Riccio, is retiring
Apples Vision Pro leader, Dan Riccio, is retiring
 / Dan Riccio transitioned from being Apples SVP of hardware engineering in 2021 to take over a n… [+1027 chars]"
Was this the sickest iPod?,The iPod Mini didn’t last long — but the tiny MP3 player showed exactly how big Apple’s idea could be.,https://www.theverge.com/c/24238184/apple-ipod-mini-2004-retro-tech-steve-jobs,2024-10-17T13:00:00Z,"I never owned an iPod Mini. Even as a college freshman back at the time of its introduction, I was already more of a full-size iPod kind of nerd. Mine was the third-gen model with the backlit buttons… [+4980 chars]"
"The M4 MacBook Pros Are So Close to Release, Some Leakers Claim They Have One Already","The latest reports suggest we’ll have another spooky Apple release near Halloween that includes M4 MacBook Pros, plus a new Mac Mini, iMac, and an iPad Mini.",https://gizmodo.com/the-m4-macbook-pros-are-so-close-to-release-some-leakers-claim-they-have-one-already-2000508184,2024-10-07T14:05:19Z,"Apple seems to be eyeing Halloween as a new yearly product release staple. According to reliable Apple rumormongers, the full-sized candy bars the Cupertino company will be sticking in our candy bags… [+3528 chars]"
"Prime Day Minus One, This 2nd Gen Apple Pencil Has Already Dropped to a Lower Price",Transform your iPad into a powerful art studio or note-taking machine with the Apple pencil and do it for 30% off.,https://gizmodo.com/prime-day-minus-one-this-2nd-gen-apple-pencil-has-already-dropped-to-a-lower-price-2000508194,2024-10-07T14:14:08Z,"If you were thinking about resting up today before tomorrow’s launch of Amazon’s Prime Day Big Deals mega-event, think again. Those ultra-rare Apple deals have already started dropping at Amazon, lik… [+2181 chars]"
The 2nd Gen Apple Watch SE Is a Prime Candidate for Deal of the Day at Just $200,This Prime Day Big Deal has dropped the price of the Apple Watch SE to the lowest point we've ever seen.,https://gizmodo.com/the-2nd-gen-apple-watch-se-is-a-prime-candidate-for-deal-of-the-day-at-just-200-2000509095,2024-10-08T18:02:44Z,"Even notoriously sale-shy Apple isn’t immune from Amazon’s Prime Big Deal Days blowout event. The Apple Watch SE (2nd Gen) is now at its lowest price yet just $200 at Amazon, down 28% from its retail… [+1977 chars]"
Severance Is Already Plotting Out Its Third Season,"With season two on the way, the team behind the sci-fi workplace mystery is hoping Apple TV+ will be game for even more.",https://gizmodo.com/severance-is-already-plotting-out-its-third-season-2000511119,2024-10-11T16:30:15Z,One of the most anticipated second seasons in recent memory has got to be Severance: not only has it been excruciatingly long since season one premiered (February 2022) and became an instant fan favo… [+3427 chars]
We’re Finally Going to See App Makers Advertise Better Prices Outside of Play Store,"While Google’s Epic loss will require Android to open up to third party app stores beyond Play Store, Google said it can’t be a monopoly since Apple exists.",https://gizmodo.com/were-finally-going-to-see-app-makers-advertise-better-prices-outside-of-play-store-2000509004,2024-10-08T13:55:56Z,"Googles Play Store is a monopoly, according to the U.S. courts, so its time for the defacto Android app store to truly open up to competition. On Monday, a judge ruled the tech giant needs to immedia… [+3830 chars]"
The Next iPhone Could Arrive Early Next Year to Showcase Apple Intelligence on a Budget,"Plus, the latest reports suggest Apple’s working on a new iPad Mini that, if we had to guess, will showcase more Apple Intelligence.",https://gizmodo.com/the-next-iphone-could-arrive-early-next-year-to-showcase-apple-intelligence-on-a-budget-2000506221,2024-10-02T14:25:40Z,"The iPhone 16 won’t be the only Apple mobile device to take advantage of Apple Intelligence. According to a new report, Apple intends to unveil a 4th-gen iPhone SE early next year, around the same ti… [+2929 chars]"
"iPad Mini Is Back, and Apple Says It’s Primed for AI","The teeny tiny iPad Mini may still be barely bigger than an iPhone, but this time it’s packing an A17 Pro chip plus support for Apple Pencil Pro.",https://gizmodo.com/ipad-mini-is-back-and-apple-says-its-primed-for-ai-2000511986,2024-10-15T14:21:18Z,"You already have your giant iPhones with the iPhone 16 Pro Max covered, but what if you wanted all that juicy AI goodness with a little more screen? Apple debuted its new iPad mini on Tuesday, showin… [+2487 chars]"
The Prime Day Price of the Apple MacBook Air Hasn’t Gone Back Up Yet,Get the 25% off Apple 2022 MacBook Air laptop with M2 chip for its Prime Day price before they remember to change it back.,https://gizmodo.com/the-prime-day-price-of-the-apple-macbook-air-hasnt-gone-back-up-yet-2000510765,2024-10-10T20:30:38Z,"The October Prime Days we’ve been waiting months for has already ended. These two days of deals took place earlier this week on October 8 and October 9. Now here we are on October 10, but it looks li… [+2214 chars]"
Amazon Offers 30% off the Apple Pencil Pro to Celebrate New iPad Mini Launch,Don't miss out on this chance to add an Apple Pencil Pro to your new iPad setup for a great deal at Amazon.,https://gizmodo.com/amazon-offers-30-off-the-apple-pencil-pro-to-celebrate-new-ipad-mini-launch-2000512100,2024-10-15T18:14:45Z,"Apple unveils new iPad mini with support for pencil pro, and Amazon offers the pencil pro at just $90 (30% off) now. If you’re an artist, student, or just someone looking to take your iPad experience… [+2162 chars]"
[Removed],[Removed],https://removed.com,2024-10-07T19:52:40Z,[Removed]
"Pre-Order the New Apple iPad Mini 7 at a Discounted Price, No Joke","Apple's groundbreaking new tablet is going to be one of the hottest holiday buys of the year, so get yours while you can.",https://gizmodo.com/pre-order-the-new-apple-ipad-mini-7-at-a-discounted-price-no-joke-2000512555,2024-10-16T16:54:19Z,Shopping prognosticators agree that one of the hottest Black Friday/Cyber Monday buys of the year will be on the new Apple iPad Mini the first one that’s built for Apple Intelligence. Pre-orders have… [+2269 chars]
Labor Board Accuses Apple of Implementing Illegal Policies for All Employees Nationwide,The latest complaint from the National Labor Relations Board adds to a list of charges brought against the tech giant for anti-union activity at specific stores.,https://gizmodo.com/labor-board-accuses-apple-of-implementing-illegal-policies-for-all-employees-nationwide-2000505757,2024-10-01T16:58:23Z,"Investigators with the National Labor Relations Board have for the first time accused Apple of maintaining a series of illegal policies for its employees nationwide, adding to a series of cases the a… [+2535 chars]"
Apple Watch SE vs. Apple Watch Series 10 Buyer's Guide,"The Apple Watch SE starts at $249, providing an accessible, low-cost option for those interested in owning an Apple smartwatch. The company also now offers the Apple Watch Series 10, which starts at $399, so what exactly do you get by spending an additional $…",https://www.macrumors.com/guide/apple-watch-se-vs-series-10/,2024-10-10T14:46:42Z,"The Apple Watch SE starts at $249, providing an accessible, low-cost option for those interested in owning an Apple smartwatch. The company also now offers the Apple Watch Series 10, which starts at … [+6962 chars]"
"Apple TV+ Is Bringing Back Sugar—Also, Why Is io9 Suddenly Talking About Sugar?",Colin Farrell's private investigator character revealed a big secret midway through the neo-noir series' first season.,https://gizmodo.com/sugar-colin-farrell-apple-tv-season-2-alien-twist-2000506417,2024-10-02T20:00:21Z,"Sugar wrapped up its eight-episode first season back in May on Apple TV+, and despite its impressive pedigreestars Colin Farrell(The Penguin), Kirby (The Sandman, The Good Place), Amy Ryan (Only Murd… [+2736 chars]"
"MacBook Air : Apple Would Never Do It, but Amazon Demolishes the Laptop’s Price",Both 2022 and 2024 models are on massive sale.,https://gizmodo.com/macbook-air-apple-would-never-do-it-but-amazon-demolishes-the-laptops-price-2000508076,2024-10-07T16:53:58Z,Amazon’s Prime Day event isonce again offering Apple fans a great opportunity to acquire one of their popular laptops at record low prices. The 13-inch MacBook Air M2 with 256GB of storage is now ava… [+3079 chars]
The Apple Vision Pro’s First ‘Immersive’ Movie Looks Incredible Due to Classic Filmmaking Techniques,"Apple's first directed short ‘immersive’ movie for Vision Pro, Submerged, shows spatial movies may take more effort than your typical film.",https://gizmodo.com/the-apple-vision-pros-first-immersive-movie-look-incredible-due-to-classic-filmmaking-techniques-2000510024,2024-10-10T16:00:35Z,The one thing every current Apple Vision Pro owner demands isto put it simplymore. That is more features and more content. The latest push from Apple to make good on the promise of its first spatial … [+7062 chars]
"iPad 10: Apple Would Never Do It, but Amazon Crushes the Tablet’s Price at Prime Day",A very popular deal for Prime Day.,https://gizmodo.com/ipad-10-apple-would-never-do-it-but-amazon-crushes-the-tablets-price-at-prime-day-2000507993,2024-10-07T10:45:13Z,"Amazon has just unveiled an incredible deal on the 10th generation iPad, offering the 64GB+Wifi model for a jaw-dropping $299 down from its regular price of $349. This Prime Day offer was announced e… [+2060 chars]"
Apple Clears Out AirTag Stock for Prime Day: Here’s One of the Best Price Ever Seen,AirTags are currently among the top five best-sellers on Amazon.,https://gizmodo.com/apple-clears-out-airtag-stock-for-prime-day-heres-one-of-the-best-price-ever-seen-2000507403,2024-10-05T14:45:13Z,"The Apple AirTags have emerged as one of the best-selling items during these initial days of Prime Day and Amazon has been offering substantial discounts on these popular tracking devices.
The e-com… [+2423 chars]"
[Removed],[Removed],https://removed.com,2024-10-08T09:12:40Z,[Removed]
"Forget Black Friday, Amazon Slashes Prices on iPad Mini 6th Gen This Prime Day (30% Off)",Amazon is going all out for Prime Day with massive discounts on the iPad Mini 6th Generation.,https://gizmodo.com/forget-black-friday-amazon-slashes-prices-on-ipad-mini-6th-gen-this-prime-day-30-off-2000508874,2024-10-08T13:10:06Z,Amazon has revealed this Tuesday morning a fantastic deal on the Apple iPad Mini (6th Generation) offering Apple fans a rare opportunity to snag this compact powerhouse at an record-low price. The 64… [+2552 chars]
"Prime Day deals drop Apple's AirPods Pro 2 to $169, an all-time low on Amazon","Prime Day deals are here and you can grab Apple's AirPods Pro 2 for the best price we've seen. The October Prime Day sale has brought the wireless earbuds down to $169, which represents an $80 discount. Apple may not have fully revamped these buds back in Sep…",https://consent.yahoo.com/v2/collectConsent?sessionId=1_cc-session_35a9cbac-bed3-4cc5-bdf5-5915309a34e9,2024-10-08T14:51:02Z,"If you click 'Accept all', we and our partners, including 240 who are part of the IAB Transparency &amp; Consent Framework, will also store and/or access information on a device (in other words, use … [+678 chars]"
Apple Shares Letter Celebrating 10-Year Anniversary of Apple Pay,"Apple today shared a letter celebrating the recent 10-year anniversary of Apple Pay, which launched in the U.S. on October 20, 2014 as part of iOS 18.1.





Here is the full letter from Jennifer Bailey, Apple's vice president of Apple Pay and Apple Wallet:Wh…",https://www.macrumors.com/2024/10/17/apple-celebrates-10-years-of-apple-pay/,2024-10-17T13:20:36Z,"Apple today shared a letter celebrating the upcoming 10-year anniversary of Apple Pay, which launched in the U.S. on October 20, 2014 as part of iOS 8.1.Here is the full letter from Jennifer Bailey, … [+3478 chars]"
[Removed],[Removed],https://removed.com,2024-10-15T19:22:59Z,[Removed]
[Removed],[Removed],https://removed.com,2024-10-08T19:39:02Z,[Removed]
"After Prime Day, Amazon is Giving You One Last Chance to Buy an iPad 9 at 40% Off",You dream of buying an iPad but don't want to break the bank?,https://gizmodo.com/after-prime-day-amazon-is-giving-you-one-last-chance-to-buy-an-ipad-9-at-40-off-2000511435,2024-10-12T12:30:56Z,"This Saturday, Amazon is offering a great deal on the 9th generation iPad (64GB, Wi-Fi model), slashing the price from $329 to just $199. This 40% discount marks the lowest price ever for this good A… [+2240 chars]"
"Amazon is clearing out stock with record-low prices on AirTags, matching last year’s Black Friday deal",Dive into these exclusive Amazon deals on AirTags and transform the way you keep track of what matters most.,https://gizmodo.com/amazon-is-clearing-out-stock-with-record-low-prices-on-apple-airtags-matching-last-years-black-friday-2000505717,2024-10-04T11:07:11Z,Apple’s AirTags are currently on massive sale at Amazon with a great deal for those looking to keep track of their valuable items. The individual AirTag is now priced at $24 down from its regular $29… [+2290 chars]
[Removed],[Removed],https://removed.com,2024-10-03T19:00:39Z,[Removed]
[Removed],[Removed],https://removed.com,2024-10-04T13:25:06Z,[Removed]
"For The First Day of Prime Day, Amazon Destroys the Price of Apple AirTags to a Record Low",AirTags have emerged as one of the best-sellers in the Electronics category today.,https://gizmodo.com/for-the-first-day-of-prime-day-amazon-destroys-the-price-of-apple-airtags-to-a-record-low-2000508795,2024-10-08T11:10:31Z,"As the first day of Prime Day 2024 is here, Apple AirTags are as one of the most popular items with Amazon offering massive discount on these tracking devices. What’s great is that these deals are av… [+3064 chars]"
"Walmart Is Selling a $17,000 House That Looks Like an iPhone","You can now find multiple listings for prefabricated homes on Walmart for under $16,000, but you also need to remember that home ownership will never be cheap.",https://gizmodo.com/walmart-is-selling-a-17000-house-that-looks-like-an-iphone-2000512971,2024-10-17T15:41:06Z,"If the tiny home obsession wasnt already enough, Walmart now sells prefab homes on its website for $15,900 or less. The promise is four walls and a bathroom you can set up with two friends and a few … [+3185 chars]"
Latest Apple Card Promo Offers 6% Daily Cash Back at Walgreens and Duane Reade,"Apple today shared a new Apple Card promotion that offers ‌Apple Card‌ users six percent Daily Cash back on purchases made at drugstores Walgreens and Duane Reade. 





The bonus is available on up to $500 in purchases when using ‌Apple Card‌ with Apple Pay,…",https://www.macrumors.com/2024/10/15/apple-card-promo-walgreens-duane-reade/,2024-10-15T16:47:17Z,"Apple today shared a new Apple Card promotion that offers ‌Apple Card‌ users six percent Daily Cash back on purchases made at drugstores Walgreens and Duane Reade. 
The bonus is available on up to $… [+441 chars]"
Apple Stops Signing iOS 18.0,"Apple today stopped signing iOS 18.0, preventing iPhone users who have upgraded to iOS 18.0.1 from downgrading to iOS 18. Apple released iOS 18.0.1 a week ago on October 3.





It is not unusual for Apple to stop signing older versions of iOS within a week o…",https://www.macrumors.com/2024/10/10/apple-stops-signing-ios-18-0/,2024-10-10T19:10:59Z,"Apple today stopped signing iOS 18.0, preventing iPhone users who have upgraded to iOS 18.0.1 from downgrading to iOS 18. Apple released iOS 18.0.1 a week ago on October 3.
It is not unusual for App… [+840 chars]"
"Amazon Extends Prime Day, MacBook Air M2 Hits All-Time Low Price This Saturday",This MacBook Air costs half as much as a MacBook Pro.,https://gizmodo.com/amazon-extends-prime-day-macbook-air-m2-hits-all-time-low-price-this-saturday-2000511482,2024-10-12T14:38:04Z,Amazon has unleashed an extraordinary post Prime Day deal on the 13-inch MacBook Air M2 slashing the price to an unprecedented $749 for the 256GB model down from its regular price of $999. This $250 … [+2546 chars]
Apple Seeds Sixth Developer Beta of macOS Sequoia 15.1,"Apple today provided developers with the sixth beta of an upcoming macOS Sequoia 15.1 beta, with the new update coming two weeks after Apple released the fifth beta.





Registered developers can opt-in to the ‌macOS Sequoia‌ beta through the Software Update…",https://www.macrumors.com/2024/10/07/apple-seeds-macos-sequoia-15-1-beta-6/,2024-10-07T17:07:24Z,"Apple today provided developers with the sixth beta of an upcoming macOS Sequoia 15.1 beta, with the new update coming two weeks after Apple released the fifth beta.
Registered developers can opt-in… [+595 chars]"
Amazon Unveils Major Price Cuts on The Latest MacBook Pro: Apple Hates Discounts but Can’t Do Anything About It,Luxury tech more accessible than ever.,https://gizmodo.com/amazon-unveils-major-price-cuts-on-the-latest-macbook-pro-apple-hates-discounts-but-cant-do-anything-about-it-2000506650,2024-10-03T12:10:25Z,"Amazon has-once again-surprised Apple fans with an incredible deal on the latest MacBook Pro models, just days before the highly anticipated Prime Day event. The e-commerce giant has slashed prices o… [+2493 chars]"
"At 45% Off on Amazon, The New Beats Solo 4 Are The Best Renewed Products of Prime Day",This Beats headphone was released about 6 months ago and is already available at a 45% discount in refurbished condition.,https://gizmodo.com/at-45-off-on-amazon-the-new-beats-solo-4-are-the-best-renewed-products-of-prime-day-2000507352,2024-10-04T15:10:25Z,Amazon’s pre-Prime Day is offering an exceptional deal on refurbished Beats Solo 4 headphones and makes high-quality audio accessible at a fraction of the original price. These popular on-ear headpho… [+2004 chars]
"On Prime Day, This Popular iPad is 10x Cheaper Than a Good MacBook Pro",You can therefore buy 10 iPads for the price of one MacBook Pro.,https://gizmodo.com/on-prime-day-this-popular-ipad-is-10x-cheaper-than-a-good-macbook-pro-2000508749,2024-10-08T11:40:00Z,"Amazon is kicking off its Prime Day event today with a bang, offering a fantastic deal on the 9th generation iPad. Originally priced at $329, the Apple tablet has seen its price slashed to an astonis… [+2266 chars]"
Apple Celebrating 'Mindful Month' With October 10 Apple Watch Activity Challenge,"Apple will hold a new ""Mindful Month"" Apple Watch Activity Challenge that is set to take place on October 10. It is meant to bring awareness to caring for mental health.





Let's bring awareness to all the ways we can take care of our mental health. On Octo…",https://www.macrumors.com/2024/10/01/apple-mindful-month-activity-challenge/,2024-10-01T21:02:39Z,"Apple will hold a new ""Mindful Month"" Apple Watch Activity Challenge that is set to take place on October 10. It is meant to bring awareness to caring for mental health.
Let's bring awareness to all… [+432 chars]"
Apple Releases New macOS Sequoia 15.1 Public Beta With Apple Intelligence,"Apple today released a new macOS Sequoia 15.1 public beta, allowing non-developers to test the software ahead of its October 28 launch. The latest beta comes a day after Apple provided the seventh beta to developers. 





Public beta testers who have signed …",https://www.macrumors.com/2024/10/16/apple-releases-new-macos-sequoia-public-beta/,2024-10-16T17:56:41Z,"Apple today released a new macOS Sequoia 15.1 public beta, allowing non-developers to test the software ahead of its October 28 launch. The latest beta comes a day after Apple provided the seventh be… [+1729 chars]"
Apple Unveils New iPad Mini with A17 Pro Chip and Apple Intelligence,"Apple today announced a significant update to the iPad mini, featuring the powerful A17 Pro chip and support for the company's new Apple Intelligence system. The refreshed tablet maintains its compact 8.3-inch design while offering substantial performance imp…",https://www.macrumors.com/2024/10/15/apple-unveils-new-ipad-mini-apple-intelligence/,2024-10-15T13:07:20Z,"Apple today announced a significant upgrade to the iPad mini, now featuring an A17 Pro chip and support for the company's new Apple Intelligence system. The refreshed seventh-generation tablet mainta… [+1336 chars]"
Waiting for a New Apple TV? Here's What the Latest Rumors Say,"The current Apple TV was released two years ago this month, so you may be wondering when the next model will be released.





Below, we recap rumors about a next-generation Apple TV.



In January 2023, Bloomberg's Mark Gurman reported that a new Apple TV wa…",https://www.macrumors.com/2024/10/08/apple-tv-rumor-recap/,2024-10-08T15:57:10Z,"The current Apple TV was released two years ago this month, so you may be wondering when the next model will be released.
Below, we recap rumors about a next-generation Apple TV.
In January 2023, B… [+2137 chars]"
"AirPods Pro 2, AirPods Max, Beats: Apple Offers Up to 45% Off on Headphones and Earbuds for Prime Day",Amazon is unleashed a wave of incredible discounts on Apple’s audio devices.,https://gizmodo.com/airpods-pro-2-airpods-max-beats-apple-offers-up-to-45-off-on-headphones-and-earbuds-for-prime-day-2000507394,2024-10-04T13:35:09Z,"As we gear up for Prime Day weekend, Amazon already rolled out a plethora of deals on a wide range of products including Apples audio devices. With the official Prime Big Deal Days set for October 8-… [+2287 chars]"
"Half the Price of the Apple Watch, This Samsung Galaxy Watch is 46% Off for Prime Day",One of the best smartwatches available for Android users.,https://gizmodo.com/half-the-price-of-the-apple-watch-this-samsung-galaxy-watch-is-46-off-for-prime-day-2000508134,2024-10-07T13:50:07Z,"The Samsung Galaxy Watch 6 44mm smartwatch sees a remarkable discount that makes it an attractive option for anyone in the market for a smartwatch. Originally priced at $329, this high-quality device… [+2307 chars]"
Forget the Apple Watch: the Garmin Fenix 7X on Prime Day Sale is Your Best Sports Ally,Garmin is the benchmark among GPS watches.,https://gizmodo.com/forget-the-apple-watch-the-garmin-fenix-7x-on-prime-day-sale-is-your-best-sports-ally-2000508225,2024-10-07T14:32:29Z,Great news for fitness enthusiasts: Two of Garmin’s top-tier GPS smartwatches are currently available at incredible discounts for Prime Day. The Garmin Fenix 7 and Fenix 7X Solar are widely regarded … [+2808 chars]
Amazon Didn’t Sell Out of AirPods Pro 2 During Prime Day; Huge Promotion This Weekend,AirPods Pro 2 at Mid-Range Headphone Prices.,https://gizmodo.com/amazon-didnt-sell-out-of-airpods-pro-2-during-prime-day-huge-promotion-this-weekend-2000511438,2024-10-12T12:46:52Z,"Amazon did not sell out of all the AirPods Pro 2 during Prime Day; instead, it is running a massive promotion this weekend. The popular wireless earbuds, originally priced at $24, are now available f… [+2782 chars]"
iFixit Shares Apple Watch Series 10 Teardown,"Repair site iFixit today disassembled the 46mm Apple Watch Series 10, giving us a look at the components inside Apple's thinnest Apple Watch to date.






Apple used an enclosed case for the Series 10, a move that allowed for a the thinner design without im…",https://www.macrumors.com/2024/10/07/ifixit-shares-apple-watch-series-10-teardown/,2024-10-07T21:49:42Z,"Repair site iFixit today disassembled the 46mm Apple Watch Series 10, giving us a look at the components inside Apple's thinnest Apple Watch to date.
Apple used an enclosed case for the Series 10, a… [+816 chars]"
Amazon Takes Up to $64 Off Apple Watch Ultra 2 and Series 10 in New Sales,"Amazon this week is discounting a collection of Apple Watch models, including the new Series 10 and Black Ultra 2 devices.



Apple Watch Series 10

Note: MacRumors is an affiliate partner with Amazon. When you click a link and make a purchase, we may receive…",https://www.macrumors.com/2024/10/16/apple-watch-ultra-2-series-10-sales/,2024-10-16T14:45:05Z,"Amazon this week is discounting a collection of Apple Watch models, including the new Series 10 and Black Ultra 2 devices.
Apple Watch Series 10
Note: MacRumors is an affiliate partner with Amazon.… [+1162 chars]"
The Best Apple Watch Series 9 Cases in 2024,Need protection for your Apple Watch Series 9? Here are the best Apple Watch cases to choose from for both the 41mm and 45mm versions.,https://www.cnet.com/tech/mobile/best-apple-watch-series-9-cases/,2024-10-02T20:25:00Z,"Budget
Before anything else, you'll want to figure out how much you're willing to spend on a Watch Series 9 case. Value-priced cases continue to improve, so you can find a decent case for less than … [+967 chars]"
These Prime Day Apple Deals Won't Last Forever: Get Them While You Can,"Day two of October Prime Day brings savings on Apple products galore including $150 off iPad Pro, $30 off Apple Watch Ultra, $80 off AirPods Pro and More",https://www.cnet.com/deals/best-prime-day-apple-deals-2024-10-09/,2024-10-09T08:38:00Z,"Apple/Zooey Liao/CNET
Amazon's October Prime Day sale is in full swing, which means that right now is one of the best times of the year to score big savings on tech, including rarely on-sale Apple p… [+5174 chars]"
Apple Seeds Seventh Developer Betas of iOS 18.1 and iPadOS 18.1 With Apple Intelligence,"Apple today provided developers with the seventh betas of iOS 18.1 and iPadOS 18.1 to continue testing Apple Intelligence features. The seventh betas come a week after Apple seeded the sixth iOS 18.1 and iPadOS 18.1 betas.





The updates can be downloaded f…",https://www.macrumors.com/2024/10/14/apple-seeds-seventh-developer-beta-ios-18-1/,2024-10-14T17:10:14Z,Apple today provided developers with the seventh betas of iOS 18.1 and iPadOS 18.1 to continue testing Apple Intelligence features. The seventh betas come a week after Apple seeded the sixth iOS 18.1… [+1476 chars]
Apple Watch Series 10 vs. Apple Watch Ultra 2 Buyer's Guide: Which Should You Choose?,"The Apple Watch Series 10 arrived a year after the Apple Watch Ultra 2, introducing a revamped design and a more advanced display. Apple did not launch an Apple Watch Ultra 3 this year, leaving last year's ‌Apple Watch Ultra 2‌ as the latest version, so how d…",https://www.macrumors.com/guide/apple-watch-series-10-vs-ultra-2/,2024-10-14T12:42:22Z,"The Apple Watch Series 10 arrived a year after the Apple Watch Ultra 2, introducing a revamped design and a more advanced display. Apple did not launch an Apple Watch Ultra 3 this year, leaving last … [+9197 chars]"
Apple Shares Trailer for 'Submerged' Immersive Vision Pro Short Film,"Apple today shared a trailer for Submerged, its first scripted film designed for the Apple Immersive Video experience on the Vision Pro headset.






Announced back in July, Submerged is a short film that's set in World War II, and it follows a group of sai…",https://www.macrumors.com/2024/10/07/vision-pro-submerged-trailer/,2024-10-07T16:23:10Z,"Apple today shared a trailer for Submerged, its first scripted film designed for the Apple Immersive Video experience on the Vision Pro headset.
Announced back in July, Submerged is a short film tha… [+864 chars]"
Apple Seeds Fourth Beta of watchOS 11.1 to Developers,"Apple today seeded the fourth beta of an upcoming watchOS 11.1 update to developers for testing purposes. The fourth beta comes a week after Apple released the third watchOS 11.1 beta.





To install the ‌‌watchOS 11‌.1 update, developers need to open the Ap…",https://www.macrumors.com/2024/10/07/apple-seeds-watchos-11-1-beta-4/,2024-10-07T17:01:00Z,"Apple today seeded the fourth beta of an upcoming watchOS 11.1 update to developers for testing purposes. The fourth beta comes a week after Apple released the third watchOS 11.1 beta.
To install th… [+676 chars]"
"Four New Games Coming to Apple Arcade, Including Wheel of Fortune","Apple today in an emailed press release announced four new games coming to Apple Arcade on November 7, including Wheel of Fortune Daily, which is based on the iconic TV show. The other three games coming next month include Drive Ahead! Carcade, Arkanoid vs Sp…",https://www.macrumors.com/2024/10/08/apple-arcade-november-2024-games/,2024-10-08T17:16:45Z,"Apple today in an emailed press release announced four new games coming to Apple Arcade on November 7, including Wheel of Fortune Daily, which is based on the iconic TV show. The other three games co… [+848 chars]"
Apple Seeds Third Beta of watchOS 11.1 to Developers,"Apple today seeded the third beta of an upcoming watchOS 11.1 update to developers for testing purposes. The third beta comes a week after Apple released the second watchOS 11.1 beta.





To install the ‌‌watchOS 11‌.1 update, developers need to open the App…",https://www.macrumors.com/2024/10/01/apple-seeds-watchos-11-beta-3-to-developers-2/,2024-10-01T17:11:24Z,"Apple today seeded the third beta of an upcoming watchOS 11.1 update to developers for testing purposes. The third beta comes a week after Apple released the second watchOS 11.1 beta.
To install the… [+675 chars]"
Apple Releases watchOS 11.0.1 With Fix for Battery Drain and Touchscreen Issues,"Apple today released watchOS 11.0.1, a minor update for the watchOS 11 operating system that came out in September. watchOS 11.0.1 comes three weeks after Apple released watchOS 11.





‌‌watchOS 11‌‌ can be downloaded for free on an iPhone running iOS 18 by…",https://www.macrumors.com/2024/10/03/apple-releases-watchos-11-0-1/,2024-10-03T21:32:05Z,"Apple today released watchOS 11.0.1, a minor update for the watchOS 11 operating system that came out in September. watchOS 11.0.1 comes three weeks after Apple released watchOS 11.
‌watchOS 11‌ can… [+1243 chars]"
Apple Has No Plans For a Smart Ring,"Though smart rings with health capabilities have been growing in popularity, Apple has no plans to join the smart ring market, according to Bloomberg's Mark Gurman. While Apple explored the idea, there is no active development of a ring going on at this time,…",https://www.macrumors.com/2024/10/10/apple-smart-ring-no-plans/,2024-10-10T22:13:36Z,"Though smart rings with health capabilities have been growing in popularity, Apple has no plans to join the smart ring market, according to Bloomberg's Mark Gurman. While Apple explored the idea, the… [+2393 chars]"
NBA 2K25 Now Available on Apple Arcade,"NBA 2K25 Arcade Edition is now available through Apple Arcade on the iPhone, iPad, Mac, and Apple TV, and the latest version of the game offers many new features.





Here's what's new in NBA 2K25 Arcade Edition, according to its App Store description:



• …",https://www.macrumors.com/2024/10/04/nba-2k25-apple-arcade/,2024-10-04T19:37:33Z,"NBA 2K25 Arcade Edition is now available through Apple Arcade on the iPhone, iPad, Mac, and Apple TV, and the latest version of the game offers many new features.
Here's what's new in NBA 2K25 Arcad… [+1136 chars]"
